ID,G1,G2,G3
1991,0.2,0.3,0.5
1992,0.10526315789473686, 0.23684210526315788, 0.65789473684210531
1993,0.022160664819944605, 0.11218836565096948, 0.86565096952908582
1994,0.00064411914191253117, 0.016508069101906681, 0.98284781175618074

